,data,Regione,Totale Vaccinazioni
0,2020-12-27,Abruzzo,47
20,2020-12-27,Veneto,869
19,2020-12-27,Valle d'Aosta,20
18,2020-12-27,Umbria,93
17,2020-12-27,Toscana,629
16,2020-12-27,Sicilia,149
15,2020-12-27,Sardegna,68
14,2020-12-27,Puglia,510
13,2020-12-27,Piemonte,928
11,2020-12-27,P.A. Bolzano,147
12,2020-12-27,P.A. Trento,108
9,2020-12-27,Marche,55
8,2020-12-27,Lombardia,719
7,2020-12-27,Liguria,135
6,2020-12-27,Lazio,278
5,2020-12-27,Friuli Venezia Giulia,266
4,2020-12-27,Emilia-Romagna,973
3,2020-12-27,Campania,721
2,2020-12-27,Calabria,319
1,2020-12-27,Basilicata,107
10,2020-12-27,Molise,50
114,2021-01-03,P.A. Trento,510
115,2021-01-03,Piemonte,3111
116,2021-01-03,Puglia,2012
113,2021-01-03,P.A. Bolzano,43
119,2021-01-03,Toscana,3365
120,2021-01-03,Umbria,293
121,2021-01-03,Veneto,5134
117,2021-01-03,Sardegna,90
112,2021-01-03,Molise,1
118,2021-01-03,Sicilia,5154
110,2021-01-03,Lombardia,858
102,2021-01-03,Abruzzo,413
103,2021-01-03,Basilicata,917
104,2021-01-03,Calabria,6
105,2021-01-03,Campania,3835
111,2021-01-03,Marche,916
107,2021-01-03,Friuli Venezia Giulia,323
108,2021-01-03,Lazio,5386
109,2021-01-03,Liguria,743
106,2021-01-03,Emilia-Romagna,2766
260,2021-01-10,P.A. Trento,87
268,2021-01-10,Veneto,5033
267,2021-01-10,Valle d'Aosta / Vall├®e d'Aoste,223
266,2021-01-10,Umbria,1098
265,2021-01-10,Toscana,3040
264,2021-01-10,Sicilia,3792
263,2021-01-10,Sardegna,2227
262,2021-01-10,Puglia,2353
261,2021-01-10,Piemonte,5377
259,2021-01-10,P.A. Bolzano,2
258,2021-01-10,Molise,272
257,2021-01-10,Marche,1749
249,2021-01-10,Basilicata,77
250,2021-01-10,Calabria,964
251,2021-01-10,Campania,8169
252,2021-01-10,Emilia-Romagna,7187
248,2021-01-10,Abruzzo,949
254,2021-01-10,Lazio,4168
255,2021-01-10,Liguria,657
256,2021-01-10,Lombardia,10557
253,2021-01-10,Friuli Venezia Giulia,2978
415,2021-01-17,Veneto,1588
414,2021-01-17,Valle d'Aosta / Vall├®e d'Aoste,131
413,2021-01-17,Umbria,56
412,2021-01-17,Toscana,2030
411,2021-01-17,Sicilia,1380
410,2021-01-17,Sardegna,869
409,2021-01-17,Puglia,1245
408,2021-01-17,Piemonte,2914
407,2021-01-17,P.A. Trento,259
406,2021-01-17,P.A. Bolzano,2338
405,2021-01-17,Molise,48
403,2021-01-17,Lombardia,8165
395,2021-01-17,Abruzzo,186
396,2021-01-17,Basilicata,332
397,2021-01-17,Calabria,820
398,2021-01-17,Campania,702
404,2021-01-17,Marche,1563
400,2021-01-17,Friuli Venezia Giulia,1736
401,2021-01-17,Lazio,4786
402,2021-01-17,Liguria,869
399,2021-01-17,Emilia-Romagna,2654
558,2021-01-24,Veneto,174
556,2021-01-24,Toscana,199
555,2021-01-24,Sicilia,123
554,2021-01-24,Sardegna,5
553,2021-01-24,Puglia,152
552,2021-01-24,Piemonte,438
551,2021-01-24,P.A. Trento,227
550,2021-01-24,P.A. Bolzano,0
549,2021-01-24,Marche,4
557,2021-01-24,Umbria,1
547,2021-01-24,Liguria,157
546,2021-01-24,Lazio,629
545,2021-01-24,Friuli Venezia Giulia,3
544,2021-01-24,Emilia-Romagna,300
543,2021-01-24,Campania,379
542,2021-01-24,Calabria,41
541,2021-01-24,Basilicata,59
548,2021-01-24,Lombardia,538
540,2021-01-24,Abruzzo,6
697,2021-01-31,Piemonte,116
698,2021-01-31,Puglia,76
699,2021-01-31,Sardegna,45
696,2021-01-31,P.A. Trento,1
701,2021-01-31,Toscana,104
702,2021-01-31,Umbria,25
703,2021-01-31,Valle d'Aosta / Vall├®e d'Aoste,58
700,2021-01-31,Sicilia,109
704,2021-01-31,Veneto,589
695,2021-01-31,Molise,6
693,2021-01-31,Lombardia,30
685,2021-01-31,Abruzzo,285
686,2021-01-31,Basilicata,0
687,2021-01-31,Calabria,150
688,2021-01-31,Campania,19
694,2021-01-31,Marche,96
690,2021-01-31,Friuli Venezia Giulia,396
691,2021-01-31,Lazio,488
692,2021-01-31,Liguria,47
689,2021-01-31,Emilia-Romagna,240
841,2021-02-07,Molise,20
849,2021-02-07,Valle d'Aosta / Vall├®e d'Aoste,190
848,2021-02-07,Umbria,1
847,2021-02-07,Toscana,890
846,2021-02-07,Sicilia,673
845,2021-02-07,Sardegna,229
844,2021-02-07,Puglia,253
843,2021-02-07,Piemonte,462
842,2021-02-07,P.A. Bolzano,344
850,2021-02-07,Veneto,757
840,2021-02-07,Marche,343
838,2021-02-07,Liguria,3
839,2021-02-07,Lombardia,349
831,2021-02-07,Abruzzo,200
832,2021-02-07,Basilicata,49
833,2021-02-07,Calabria,145
835,2021-02-07,Emilia-Romagna,1729
836,2021-02-07,Friuli Venezia Giulia,399
837,2021-02-07,Lazio,413
834,2021-02-07,Campania,2159
987,2021-02-14,P.A. Trento,11
995,2021-02-14,Veneto,115
994,2021-02-14,Valle d'Aosta / Vall├®e d'Aoste,1
993,2021-02-14,Umbria,0
992,2021-02-14,Toscana,8955
991,2021-02-14,Sicilia,915
990,2021-02-14,Sardegna,540
989,2021-02-14,Puglia,664
988,2021-02-14,Piemonte,887
986,2021-02-14,P.A. Bolzano,298
985,2021-02-14,Marche,738
984,2021-02-14,Lombardia,2949
983,2021-02-14,Liguria,234
982,2021-02-14,Lazio,5332
981,2021-02-14,Friuli Venezia Giulia,0
980,2021-02-14,Emilia-Romagna,1288
979,2021-02-14,Campania,3896
978,2021-02-14,Calabria,455
977,2021-02-14,Basilicata,152
976,2021-02-14,Abruzzo,1
1132,2021-02-21,Molise,577
1140,2021-02-21,Valle d'Aosta / Vall├®e d'Aoste,0
1139,2021-02-21,Umbria,1
1138,2021-02-21,Toscana,5000
1137,2021-02-21,Sicilia,5063
1136,2021-02-21,Sardegna,1555
1135,2021-02-21,Puglia,2115
1134,2021-02-21,Piemonte,5047
1133,2021-02-21,P.A. Trento,46
1141,2021-02-21,Veneto,4635
1131,2021-02-21,Marche,375
1129,2021-02-21,Liguria,867
1128,2021-02-21,Lazio,6535
1127,2021-02-21,Friuli Venezia Giulia,427
1126,2021-02-21,Emilia-Romagna,4012
1125,2021-02-21,Campania,5611
1124,2021-02-21,Calabria,609
1123,2021-02-21,Basilicata,285
1122,2021-02-21,Abruzzo,1217
1130,2021-02-21,Lombardia,5039
1286,2021-02-28,Veneto,3325
1285,2021-02-28,Valle d'Aosta / Vall├®e d'Aoste,77
1284,2021-02-28,Toscana,948
1283,2021-02-28,Sicilia,6505
1282,2021-02-28,Sardegna,142
1281,2021-02-28,Puglia,5899
1280,2021-02-28,Piemonte,10575
1279,2021-02-28,P.A. Trento,250
1278,2021-02-28,Molise,801
1277,2021-02-28,Marche,2831
1275,2021-02-28,Liguria,1050
1268,2021-02-28,Abruzzo,1701
1269,2021-02-28,Basilicata,778
1270,2021-02-28,Calabria,2258
1276,2021-02-28,Lombardia,7675
1272,2021-02-28,Emilia-Romagna,4982
1273,2021-02-28,Friuli Venezia Giulia,2310
1274,2021-02-28,Lazio,9765
1271,2021-02-28,Campania,8520
1433,2021-03-07,Veneto,3964
1432,2021-03-07,Valle d'Aosta / Vall├®e d'Aoste,11
1431,2021-03-07,Umbria,846
1430,2021-03-07,Toscana,2112
1429,2021-03-07,Sicilia,8200
1428,2021-03-07,Sardegna,1115
1427,2021-03-07,Puglia,4419
1425,2021-03-07,P.A. Trento,24
1424,2021-03-07,P.A. Bolzano,21
1423,2021-03-07,Molise,1136
1426,2021-03-07,Piemonte,11145
1421,2021-03-07,Lombardia,9539
1422,2021-03-07,Marche,4429
1414,2021-03-07,Basilicata,865
1415,2021-03-07,Calabria,3332
1416,2021-03-07,Campania,8131
1413,2021-03-07,Abruzzo,2522
1418,2021-03-07,Friuli Venezia Giulia,2573
1419,2021-03-07,Lazio,10581
1420,2021-03-07,Liguria,1614
1417,2021-03-07,Emilia-Romagna,6326
1573,2021-03-14,Piemonte,5176
1574,2021-03-14,Puglia,2519
1575,2021-03-14,Sardegna,613
1572,2021-03-14,P.A. Trento,21
1577,2021-03-14,Toscana,3260
1578,2021-03-14,Umbria,67
1579,2021-03-14,Valle d'Aosta / Vall├®e d'Aoste,395
1576,2021-03-14,Sicilia,5125
1571,2021-03-14,P.A. Bolzano,25
1580,2021-03-14,Veneto,14306
1570,2021-03-14,Molise,18
1560,2021-03-14,Abruzzo,1217
1561,2021-03-14,Basilicata,545
1562,2021-03-14,Calabria,2290
1563,2021-03-14,Campania,4478
1569,2021-03-14,Marche,1907
1565,2021-03-14,Friuli Venezia Giulia,1169
1566,2021-03-14,Lazio,12142
1567,2021-03-14,Liguria,1055
1568,2021-03-14,Lombardia,11597
1564,2021-03-14,Emilia-Romagna,5012
1718,2021-03-21,P.A. Bolzano,17
1726,2021-03-21,Valle d'Aosta / Vall├®e d'Aoste,363
1725,2021-03-21,Umbria,680
1724,2021-03-21,Toscana,1866
1723,2021-03-21,Sicilia,11280
1722,2021-03-21,Sardegna,2610
1721,2021-03-21,Puglia,590
1720,2021-03-21,Piemonte,4248
1719,2021-03-21,P.A. Trento,136
1727,2021-03-21,Veneto,8622
1717,2021-03-21,Molise,486
1715,2021-03-21,Lombardia,18326
1714,2021-03-21,Liguria,69
1713,2021-03-21,Lazio,13285
1712,2021-03-21,Friuli Venezia Giulia,2288
1711,2021-03-21,Emilia-Romagna,7359
1710,2021-03-21,Campania,7689
1709,2021-03-21,Calabria,2736
1708,2021-03-21,Basilicata,488
1707,2021-03-21,Abruzzo,843
1716,2021-03-21,Marche,1629
1867,2021-03-28,Piemonte,8276
1868,2021-03-28,Puglia,1217
1869,2021-03-28,Sardegna,4562
1870,2021-03-28,Sicilia,7052
1866,2021-03-28,P.A. Trento,774
1872,2021-03-28,Umbria,1102
1873,2021-03-28,Valle d'Aosta / Vall├®e d'Aoste,524
1874,2021-03-28,Veneto,27750
1871,2021-03-28,Toscana,5962
1864,2021-03-28,Molise,538
1865,2021-03-28,P.A. Bolzano,11
1863,2021-03-28,Marche,2435
1855,2021-03-28,Basilicata,2133
1856,2021-03-28,Calabria,1568
1857,2021-03-28,Campania,13939
1858,2021-03-28,Emilia-Romagna,9722
1854,2021-03-28,Abruzzo,2045
1860,2021-03-28,Lazio,13915
1861,2021-03-28,Liguria,389
1862,2021-03-28,Lombardia,14359
1859,2021-03-28,Friuli Venezia Giulia,4819
2012,2021-04-04,Piemonte,6595
2019,2021-04-04,Veneto,6655
2018,2021-04-04,Valle d'Aosta / Vall├®e d'Aoste,573
2017,2021-04-04,Umbria,22
2016,2021-04-04,Toscana,13677
2015,2021-04-04,Sicilia,5525
2014,2021-04-04,Sardegna,0
2013,2021-04-04,Puglia,6006
2011,2021-04-04,Molise,244
2010,2021-04-04,Marche,2666
2009,2021-04-04,Lombardia,3716
2008,2021-04-04,Liguria,513
2007,2021-04-04,Lazio,12397
2006,2021-04-04,Friuli Venezia Giulia,6
2005,2021-04-04,Emilia-Romagna,7616
2004,2021-04-04,Campania,6920
2003,2021-04-04,Calabria,1156
2002,2021-04-04,Basilicata,193
2001,2021-04-04,Abruzzo,1503
2157,2021-04-11,P.A. Bolzano,2571
2165,2021-04-11,Valle d'Aosta / Vall├®e d'Aoste,481
2164,2021-04-11,Umbria,3080
2163,2021-04-11,Toscana,3484
2162,2021-04-11,Sicilia,8399
2161,2021-04-11,Sardegna,4306
2160,2021-04-11,Puglia,14860
2159,2021-04-11,Piemonte,18760
2158,2021-04-11,P.A. Trento,2324
2156,2021-04-11,Molise,1212
2166,2021-04-11,Veneto,14832
2154,2021-04-11,Lombardia,24853
2146,2021-04-11,Abruzzo,4892
2147,2021-04-11,Basilicata,790
2148,2021-04-11,Calabria,2264
2149,2021-04-11,Campania,15445
2155,2021-04-11,Marche,6830
2151,2021-04-11,Friuli Venezia Giulia,2557
2152,2021-04-11,Lazio,13304
2153,2021-04-11,Liguria,4005
2150,2021-04-11,Emilia-Romagna,12243
2304,2021-04-18,P.A. Bolzano,2111
2312,2021-04-18,Valle d'Aosta / Vall├®e d'Aoste,521
2311,2021-04-18,Umbria,607
2310,2021-04-18,Toscana,7338
2309,2021-04-18,Sicilia,15591
2308,2021-04-18,Sardegna,2270
2307,2021-04-18,Puglia,21669
2306,2021-04-18,Piemonte,20150
2305,2021-04-18,P.A. Trento,1871
2313,2021-04-18,Veneto,10028
2303,2021-04-18,Molise,154
2301,2021-04-18,Lombardia,31212
2300,2021-04-18,Liguria,2151
2299,2021-04-18,Lazio,16180
2298,2021-04-18,Friuli Venezia Giulia,5703
2297,2021-04-18,Emilia-Romagna,12609
2296,2021-04-18,Campania,18323
2295,2021-04-18,Calabria,4979
2294,2021-04-18,Basilicata,2350
2293,2021-04-18,Abruzzo,4878
2302,2021-04-18,Marche,7902
2453,2021-04-25,Piemonte,17713
2454,2021-04-25,Puglia,10197
2455,2021-04-25,Sardegna,3768
2456,2021-04-25,Sicilia,16485
2452,2021-04-25,P.A. Trento,2014
2458,2021-04-25,Umbria,4318
2459,2021-04-25,Valle d'Aosta / Vall├®e d'Aoste,711
2460,2021-04-25,Veneto,13540
2457,2021-04-25,Toscana,8930
2451,2021-04-25,P.A. Bolzano,2418
2450,2021-04-25,Molise,569
2449,2021-04-25,Marche,7023
2441,2021-04-25,Basilicata,2936
2442,2021-04-25,Calabria,14871
2443,2021-04-25,Campania,25338
2444,2021-04-25,Emilia-Romagna,14849
2440,2021-04-25,Abruzzo,8264
2446,2021-04-25,Lazio,16734
2447,2021-04-25,Liguria,1521
2448,2021-04-25,Lombardia,46786
2445,2021-04-25,Friuli Venezia Giulia,2384
2598,2021-05-02,P.A. Bolzano,1541
2606,2021-05-02,Valle d'Aosta / Vall├®e d'Aoste,605
2605,2021-05-02,Umbria,1337
2604,2021-05-02,Toscana,9215
2603,2021-05-02,Sicilia,18079
2602,2021-05-02,Sardegna,5402
2601,2021-05-02,Puglia,14110
2600,2021-05-02,Piemonte,14483
2599,2021-05-02,P.A. Trento,3576
2597,2021-05-02,Molise,610
2607,2021-05-02,Veneto,27010
2595,2021-05-02,Lombardia,61063
2587,2021-05-02,Abruzzo,5233
2588,2021-05-02,Basilicata,3551
2589,2021-05-02,Calabria,10647
2590,2021-05-02,Campania,32115
2596,2021-05-02,Marche,3162
2592,2021-05-02,Friuli Venezia Giulia,3984
2593,2021-05-02,Lazio,23500
2594,2021-05-02,Liguria,519
2591,2021-05-02,Emilia-Romagna,13602
2745,2021-05-09,P.A. Bolzano,3105
2753,2021-05-09,Valle d'Aosta / Vall├®e d'Aoste,444
2752,2021-05-09,Umbria,5409
2751,2021-05-09,Toscana,9677
2750,2021-05-09,Sicilia,20216
2749,2021-05-09,Sardegna,5256
2748,2021-05-09,Puglia,15207
2747,2021-05-09,Piemonte,13640
2746,2021-05-09,P.A. Trento,2033
2744,2021-05-09,Molise,1994
2754,2021-05-09,Veneto,25182
2742,2021-05-09,Lombardia,56459
2734,2021-05-09,Abruzzo,4291
2735,2021-05-09,Basilicata,2996
2736,2021-05-09,Calabria,6073
2737,2021-05-09,Campania,32108
2743,2021-05-09,Marche,3637
2739,2021-05-09,Friuli Venezia Giulia,3538
2740,2021-05-09,Lazio,26294
2741,2021-05-09,Liguria,1116
2738,2021-05-09,Emilia-Romagna,18678
2892,2021-05-16,P.A. Bolzano,1339
2900,2021-05-16,Valle d'Aosta / Vall├®e d'Aoste,348
2899,2021-05-16,Umbria,5207
2898,2021-05-16,Toscana,24221
2897,2021-05-16,Sicilia,22233
2896,2021-05-16,Sardegna,6094
2895,2021-05-16,Puglia,12718
2894,2021-05-16,Piemonte,15257
2893,2021-05-16,P.A. Trento,1124
2901,2021-05-16,Veneto,21400
2891,2021-05-16,Molise,1103
2889,2021-05-16,Lombardia,36506
2888,2021-05-16,Liguria,2134
2887,2021-05-16,Lazio,37540
2886,2021-05-16,Friuli Venezia Giulia,8683
2885,2021-05-16,Emilia-Romagna,18744
2884,2021-05-16,Campania,33576
2883,2021-05-16,Calabria,9976
2882,2021-05-16,Basilicata,2860
2881,2021-05-16,Abruzzo,5771
2890,2021-05-16,Marche,6669
3041,2021-05-23,Piemonte,15746
3042,2021-05-23,Puglia,14181
3043,2021-05-23,Sardegna,7779
3044,2021-05-23,Sicilia,20111
3040,2021-05-23,P.A. Trento,466
3046,2021-05-23,Umbria,657
3047,2021-05-23,Valle d'Aosta / Vall├®e d'Aoste,659
3048,2021-05-23,Veneto,11428
3045,2021-05-23,Toscana,25890
3039,2021-05-23,P.A. Bolzano,4364
3038,2021-05-23,Molise,1796
3037,2021-05-23,Marche,7538
3029,2021-05-23,Basilicata,1534
3030,2021-05-23,Calabria,7034
3031,2021-05-23,Campania,37860
3032,2021-05-23,Emilia-Romagna,13899
3028,2021-05-23,Abruzzo,7185
3034,2021-05-23,Lazio,39824
3035,2021-05-23,Liguria,1186
3036,2021-05-23,Lombardia,26815
3033,2021-05-23,Friuli Venezia Giulia,6199
3186,2021-05-30,P.A. Bolzano,766
3194,2021-05-30,Valle d'Aosta / Vall├®e d'Aoste,694
3193,2021-05-30,Umbria,5809
3192,2021-05-30,Toscana,21767
3191,2021-05-30,Sicilia,17727
3190,2021-05-30,Sardegna,7380
3189,2021-05-30,Puglia,16007
3188,2021-05-30,Piemonte,18320
3187,2021-05-30,P.A. Trento,941
3195,2021-05-30,Veneto,15945
3185,2021-05-30,Molise,1613
3183,2021-05-30,Lombardia,34417
3184,2021-05-30,Marche,6743
3175,2021-05-30,Abruzzo,5400
3176,2021-05-30,Basilicata,925
3178,2021-05-30,Campania,38853
3177,2021-05-30,Calabria,6854
3180,2021-05-30,Friuli Venezia Giulia,7538
3181,2021-05-30,Lazio,33943
3182,2021-05-30,Liguria,1362
3179,2021-05-30,Emilia-Romagna,13392
3333,2021-06-06,P.A. Bolzano,867
3341,2021-06-06,Valle d'Aosta / Vall├®e d'Aoste,787
3340,2021-06-06,Umbria,6937
3339,2021-06-06,Toscana,22969
3338,2021-06-06,Sicilia,41712
3337,2021-06-06,Sardegna,6387
3336,2021-06-06,Puglia,25744
3335,2021-06-06,Piemonte,32654
3334,2021-06-06,P.A. Trento,454
3332,2021-06-06,Molise,1811
3342,2021-06-06,Veneto,32775
3330,2021-06-06,Lombardia,80922
3322,2021-06-06,Abruzzo,8909
3323,2021-06-06,Basilicata,3733
3324,2021-06-06,Calabria,12100
3325,2021-06-06,Campania,62583
3331,2021-06-06,Marche,10875
3327,2021-06-06,Friuli Venezia Giulia,8043
3328,2021-06-06,Lazio,35805
3329,2021-06-06,Liguria,2954
3326,2021-06-06,Emilia-Romagna,32203
3480,2021-06-13,P.A. Bolzano,501
3488,2021-06-13,Valle d'Aosta / Vall├®e d'Aoste,375
3487,2021-06-13,Umbria,6559
3486,2021-06-13,Toscana,22970
3485,2021-06-13,Sicilia,31040
3484,2021-06-13,Sardegna,6245
3483,2021-06-13,Puglia,16714
3482,2021-06-13,Piemonte,34178
3481,2021-06-13,P.A. Trento,310
3489,2021-06-13,Veneto,30482
3479,2021-06-13,Molise,2659
3477,2021-06-13,Lombardia,73878
3476,2021-06-13,Liguria,5196
3475,2021-06-13,Lazio,33618
3474,2021-06-13,Friuli Venezia Giulia,5509
3473,2021-06-13,Emilia-Romagna,24504
3472,2021-06-13,Campania,38699
3471,2021-06-13,Calabria,5786
3470,2021-06-13,Basilicata,2707
3469,2021-06-13,Abruzzo,8013
3478,2021-06-13,Marche,9454
3627,2021-06-20,P.A. Bolzano,652
3635,2021-06-20,Valle d'Aosta / Vall├®e d'Aoste,490
3634,2021-06-20,Umbria,1624
3633,2021-06-20,Toscana,15667
3632,2021-06-20,Sicilia,15375
3631,2021-06-20,Sardegna,3667
3630,2021-06-20,Puglia,14404
3629,2021-06-20,Piemonte,19516
3628,2021-06-20,P.A. Trento,38
3626,2021-06-20,Molise,54
3636,2021-06-20,Veneto,19949
3624,2021-06-20,Lombardia,54022
3616,2021-06-20,Abruzzo,5515
3617,2021-06-20,Basilicata,1974
3618,2021-06-20,Calabria,3843
3619,2021-06-20,Campania,14615
3625,2021-06-20,Marche,6174
3621,2021-06-20,Friuli Venezia Giulia,1640
3622,2021-06-20,Lazio,30398
3623,2021-06-20,Liguria,1062
3620,2021-06-20,Emilia-Romagna,16078
3774,2021-06-27,P.A. Bolzano,624
3782,2021-06-27,Valle d'Aosta / Vall├®e d'Aoste,324
3781,2021-06-27,Umbria,1811
3780,2021-06-27,Toscana,6046
3779,2021-06-27,Sicilia,12329
3778,2021-06-27,Sardegna,2984
3777,2021-06-27,Puglia,10218
3776,2021-06-27,Piemonte,15979
3775,2021-06-27,P.A. Trento,418
3773,2021-06-27,Molise,1154
3783,2021-06-27,Veneto,16208
3771,2021-06-27,Lombardia,72081
3763,2021-06-27,Abruzzo,5156
3764,2021-06-27,Basilicata,2391
3765,2021-06-27,Calabria,5022
3766,2021-06-27,Campania,14494
3772,2021-06-27,Marche,4656
3768,2021-06-27,Friuli Venezia Giulia,3615
3769,2021-06-27,Lazio,21089
3770,2021-06-27,Liguria,697
3767,2021-06-27,Emilia-Romagna,16869
3921,2021-07-04,P.A. Bolzano,189
3929,2021-07-04,Valle d'Aosta / Vall├®e d'Aoste,364
3928,2021-07-04,Umbria,2443
3927,2021-07-04,Toscana,9666
3926,2021-07-04,Sicilia,7788
3925,2021-07-04,Sardegna,2080
3924,2021-07-04,Puglia,8216
3923,2021-07-04,Piemonte,11991
3922,2021-07-04,P.A. Trento,69
3920,2021-07-04,Molise,608
3930,2021-07-04,Veneto,15803
3918,2021-07-04,Lombardia,42153
3910,2021-07-04,Abruzzo,3454
3911,2021-07-04,Basilicata,2191
3912,2021-07-04,Calabria,2024
3913,2021-07-04,Campania,6482
3919,2021-07-04,Marche,3363
3915,2021-07-04,Friuli Venezia Giulia,3056
3916,2021-07-04,Lazio,4317
3917,2021-07-04,Liguria,3890
3914,2021-07-04,Emilia-Romagna,10663
4069,2021-07-11,P.A. Trento,143
4070,2021-07-11,Piemonte,4915
4071,2021-07-11,Puglia,2665
4072,2021-07-11,Sardegna,1459
4068,2021-07-11,P.A. Bolzano,1210
4074,2021-07-11,Toscana,9347
4075,2021-07-11,Umbria,86
4076,2021-07-11,Valle d'Aosta / Vall├®e d'Aoste,267
4073,2021-07-11,Sicilia,3762
4067,2021-07-11,Molise,186
4077,2021-07-11,Veneto,4420
4065,2021-07-11,Lombardia,12828
4057,2021-07-11,Abruzzo,2497
4058,2021-07-11,Basilicata,1532
4059,2021-07-11,Calabria,857
4060,2021-07-11,Campania,1095
4066,2021-07-11,Marche,1742
4062,2021-07-11,Friuli Venezia Giulia,2559
4063,2021-07-11,Lazio,3928
4064,2021-07-11,Liguria,1263
4061,2021-07-11,Emilia-Romagna,2996
4215,2021-07-18,P.A. Bolzano,733
4223,2021-07-18,Valle d'Aosta / Vall├®e d'Aoste,261
4222,2021-07-18,Umbria,303
4221,2021-07-18,Toscana,8551
4220,2021-07-18,Sicilia,8339
4219,2021-07-18,Sardegna,990
4218,2021-07-18,Puglia,6501
4217,2021-07-18,Piemonte,3637
4216,2021-07-18,P.A. Trento,132
4214,2021-07-18,Molise,154
4224,2021-07-18,Veneto,4678
4212,2021-07-18,Lombardia,9239
4204,2021-07-18,Abruzzo,2113
4205,2021-07-18,Basilicata,1603
4206,2021-07-18,Calabria,1313
4207,2021-07-18,Campania,4222
4213,2021-07-18,Marche,1451
4209,2021-07-18,Friuli Venezia Giulia,439
4210,2021-07-18,Lazio,23627
4211,2021-07-18,Liguria,398
4208,2021-07-18,Emilia-Romagna,8754
4362,2021-07-25,P.A. Bolzano,749
4370,2021-07-25,Valle d'Aosta / Vall├®e d'Aoste,273
4369,2021-07-25,Umbria,1211
4371,2021-07-25,Veneto,11888
4367,2021-07-25,Sicilia,12106
4366,2021-07-25,Sardegna,877
4365,2021-07-25,Puglia,4490
4364,2021-07-25,Piemonte,7199
4363,2021-07-25,P.A. Trento,152
4361,2021-07-25,Molise,376
4368,2021-07-25,Toscana,7234
4359,2021-07-25,Lombardia,10205
4358,2021-07-25,Liguria,668
4357,2021-07-25,Lazio,2312
4356,2021-07-25,Friuli Venezia Giulia,2053
4355,2021-07-25,Emilia-Romagna,11044
4354,2021-07-25,Campania,4499
4353,2021-07-25,Calabria,1501
4352,2021-07-25,Basilicata,1630
4351,2021-07-25,Abruzzo,2291
4360,2021-07-25,Marche,1102
4508,2021-08-01,Molise,796
4516,2021-08-01,Valle d'Aosta / Vall├®e d'Aoste,295
4515,2021-08-01,Umbria,1381
4514,2021-08-01,Toscana,14296
4513,2021-08-01,Sicilia,8004
4512,2021-08-01,Sardegna,1066
4511,2021-08-01,Puglia,4445
4510,2021-08-01,Piemonte,9253
4509,2021-08-01,P.A. Bolzano,781
4517,2021-08-01,Veneto,12035
4507,2021-08-01,Marche,1920
4505,2021-08-01,Liguria,153
4504,2021-08-01,Lazio,6362
4503,2021-08-01,Friuli Venezia Giulia,1673
4502,2021-08-01,Emilia-Romagna,10670
4501,2021-08-01,Campania,7250
4500,2021-08-01,Calabria,1196
4499,2021-08-01,Basilicata,1673
4498,2021-08-01,Abruzzo,2105
4506,2021-08-01,Lombardia,28881
4658,2021-08-08,Puglia,1700
4656,2021-08-08,P.A. Trento,260
4657,2021-08-08,Piemonte,9598
4659,2021-08-08,Sardegna,1039
4655,2021-08-08,P.A. Bolzano,1046
4661,2021-08-08,Toscana,15138
4663,2021-08-08,Valle d'Aosta / Vall├®e d'Aoste,187
4664,2021-08-08,Veneto,11284
4660,2021-08-08,Sicilia,7606
4654,2021-08-08,Molise,665
4662,2021-08-08,Umbria,3663
4652,2021-08-08,Lombardia,17477
4645,2021-08-08,Basilicata,1143
4653,2021-08-08,Marche,1793
4646,2021-08-08,Calabria,1522
4647,2021-08-08,Campania,4910
4644,2021-08-08,Abruzzo,1978
4649,2021-08-08,Friuli Venezia Giulia,1983
4650,2021-08-08,Lazio,18898
4651,2021-08-08,Liguria,548
4648,2021-08-08,Emilia-Romagna,11142
4801,2021-08-15,Piemonte,5426
4807,2021-08-15,Veneto,2711
4806,2021-08-15,Umbria,3076
4805,2021-08-15,Toscana,5460
4804,2021-08-15,Sicilia,1560
4803,2021-08-15,Sardegna,9
4802,2021-08-15,Puglia,59
4800,2021-08-15,P.A. Bolzano,285
4799,2021-08-15,Marche,212
4798,2021-08-15,Lombardia,3116
4797,2021-08-15,Liguria,882
4796,2021-08-15,Lazio,838
4795,2021-08-15,Friuli Venezia Giulia,1
4794,2021-08-15,Emilia-Romagna,3467
4793,2021-08-15,Campania,224
4792,2021-08-15,Calabria,19
4791,2021-08-15,Basilicata,1177
4945,2021-08-22,P.A. Bolzano,319
4953,2021-08-22,Valle d'Aosta / Vall├®e d'Aoste,8
4952,2021-08-22,Umbria,503
4951,2021-08-22,Toscana,7657
4950,2021-08-22,Sicilia,4038
4949,2021-08-22,Sardegna,406
4948,2021-08-22,Puglia,556
4947,2021-08-22,Piemonte,5795
4946,2021-08-22,P.A. Trento,253
4944,2021-08-22,Molise,3
4954,2021-08-22,Veneto,6235
4942,2021-08-22,Lombardia,8140
4934,2021-08-22,Abruzzo,587
4935,2021-08-22,Basilicata,1072
4936,2021-08-22,Calabria,504
4937,2021-08-22,Campania,2683
4943,2021-08-22,Marche,83
4939,2021-08-22,Friuli Venezia Giulia,856
4940,2021-08-22,Lazio,2636
4941,2021-08-22,Liguria,182
4938,2021-08-22,Emilia-Romagna,7395
5092,2021-08-29,P.A. Bolzano,386
5100,2021-08-29,Valle d'Aosta / Vall├®e d'Aoste,7
5099,2021-08-29,Umbria,702
5098,2021-08-29,Toscana,8385
5097,2021-08-29,Sicilia,4905
5096,2021-08-29,Sardegna,369
5095,2021-08-29,Puglia,452
5094,2021-08-29,Piemonte,5739
5093,2021-08-29,P.A. Trento,351
5091,2021-08-29,Molise,121
5101,2021-08-29,Veneto,5085
5089,2021-08-29,Lombardia,14035
5081,2021-08-29,Abruzzo,534
5082,2021-08-29,Basilicata,1354
5083,2021-08-29,Calabria,752
5084,2021-08-29,Campania,3987
5090,2021-08-29,Marche,271
5086,2021-08-29,Friuli Venezia Giulia,1937
5087,2021-08-29,Lazio,9545
5088,2021-08-29,Liguria,177
5085,2021-08-29,Emilia-Romagna,9445
5240,2021-09-05,P.A. Trento,2
5241,2021-09-05,Piemonte,5269
5242,2021-09-05,Puglia,1084
5243,2021-09-05,Sardegna,139
5239,2021-09-05,P.A. Bolzano,682
5245,2021-09-05,Toscana,7054
5246,2021-09-05,Umbria,288
5247,2021-09-05,Valle d'Aosta / Vall├®e d'Aoste,7
5244,2021-09-05,Sicilia,5696
5238,2021-09-05,Molise,7
5248,2021-09-05,Veneto,4137
5236,2021-09-05,Lombardia,13787
5228,2021-09-05,Abruzzo,465
5229,2021-09-05,Basilicata,499
5230,2021-09-05,Calabria,715
5231,2021-09-05,Campania,5624
5237,2021-09-05,Marche,157
5233,2021-09-05,Friuli Venezia Giulia,1452
5234,2021-09-05,Lazio,7064
5235,2021-09-05,Liguria,280
5232,2021-09-05,Emilia-Romagna,7181
5386,2021-09-12,P.A. Bolzano,141
5394,2021-09-12,Veneto,2825
5393,2021-09-12,Umbria,489
5392,2021-09-12,Toscana,4966
5391,2021-09-12,Sicilia,5210
5390,2021-09-12,Sardegna,648
5389,2021-09-12,Puglia,459
5388,2021-09-12,Piemonte,4217
5387,2021-09-12,P.A. Trento,3
5385,2021-09-12,Molise,357
5384,2021-09-12,Marche,203
5383,2021-09-12,Lombardia,10188
5382,2021-09-12,Liguria,69
5381,2021-09-12,Lazio,5334
5380,2021-09-12,Friuli Venezia Giulia,1571
5379,2021-09-12,Emilia-Romagna,4415
5378,2021-09-12,Campania,5213
5377,2021-09-12,Calabria,862
5376,2021-09-12,Basilicata,331
5375,2021-09-12,Abruzzo,822
5540,2021-09-19,Veneto,3367
5539,2021-09-19,Umbria,530
5538,2021-09-19,Toscana,6142
5537,2021-09-19,Sicilia,5231
5536,2021-09-19,Sardegna,1020
5535,2021-09-19,Puglia,251
5534,2021-09-19,Piemonte,5482
5533,2021-09-19,P.A. Trento,321
5532,2021-09-19,P.A. Bolzano,197
5531,2021-09-19,Molise,13
5530,2021-09-19,Marche,164
5528,2021-09-19,Liguria,48
5527,2021-09-19,Lazio,6640
5526,2021-09-19,Friuli Venezia Giulia,577
5525,2021-09-19,Emilia-Romagna,6241
5524,2021-09-19,Campania,5010
5523,2021-09-19,Calabria,891
5522,2021-09-19,Basilicata,485
5521,2021-09-19,Abruzzo,606
5529,2021-09-19,Lombardia,11314
5678,2021-09-26,Piemonte,5649
5679,2021-09-26,Puglia,377
5680,2021-09-26,Sardegna,653
5683,2021-09-26,Umbria,593
5682,2021-09-26,Toscana,5386
5684,2021-09-26,Veneto,5320
5677,2021-09-26,P.A. Trento,239
5681,2021-09-26,Sicilia,4385
5676,2021-09-26,P.A. Bolzano,617
5675,2021-09-26,Marche,209
5674,2021-09-26,Lombardia,9947
5673,2021-09-26,Liguria,147
5672,2021-09-26,Lazio,6802
5671,2021-09-26,Friuli Venezia Giulia,3186
5670,2021-09-26,Emilia-Romagna,6522
5669,2021-09-26,Campania,4586
5668,2021-09-26,Calabria,673
5667,2021-09-26,Basilicata,374
5666,2021-09-26,Abruzzo,615
5820,2021-10-03,Marche,280
5827,2021-10-03,Umbria,435
5826,2021-10-03,Toscana,2509
5825,2021-10-03,Sicilia,3650
5824,2021-10-03,Sardegna,81
5823,2021-10-03,Puglia,205
5822,2021-10-03,Piemonte,3407
5821,2021-10-03,P.A. Trento,386
5828,2021-10-03,Veneto,4503
5819,2021-10-03,Lombardia,5813
5817,2021-10-03,Lazio,3785
5816,2021-10-03,Friuli Venezia Giulia,1424
5815,2021-10-03,Emilia-Romagna,3747
5814,2021-10-03,Campania,2502
5813,2021-10-03,Calabria,378
5812,2021-10-03,Basilicata,323
5811,2021-10-03,Abruzzo,156
5818,2021-10-03,Liguria,81
5973,2021-10-10,Veneto,2927
5972,2021-10-10,Umbria,373
5971,2021-10-10,Toscana,1427
5970,2021-10-10,Sicilia,3885
5969,2021-10-10,Sardegna,217
5968,2021-10-10,Puglia,35
5967,2021-10-10,Piemonte,3204
5965,2021-10-10,P.A. Bolzano,79
5964,2021-10-10,Molise,4
5966,2021-10-10,P.A. Trento,333
5962,2021-10-10,Lombardia,3304
5963,2021-10-10,Marche,309
5955,2021-10-10,Basilicata,308
5956,2021-10-10,Calabria,422
5957,2021-10-10,Campania,2808
5954,2021-10-10,Abruzzo,139
5959,2021-10-10,Friuli Venezia Giulia,917
5960,2021-10-10,Lazio,4234
5961,2021-10-10,Liguria,34
5958,2021-10-10,Emilia-Romagna,3684
6110,2021-10-17,Molise,2
6118,2021-10-17,Umbria,378
6117,2021-10-17,Toscana,1729
6116,2021-10-17,Sicilia,3951
6115,2021-10-17,Sardegna,146
6114,2021-10-17,Puglia,62
6113,2021-10-17,Piemonte,2870
6112,2021-10-17,P.A. Trento,225
6111,2021-10-17,P.A. Bolzano,535
6119,2021-10-17,Veneto,2071
6109,2021-10-17,Marche,272
6107,2021-10-17,Liguria,221
6106,2021-10-17,Lazio,5113
6105,2021-10-17,Friuli Venezia Giulia,1114
6104,2021-10-17,Emilia-Romagna,3388
6103,2021-10-17,Campania,5323
6102,2021-10-17,Calabria,559
6101,2021-10-17,Basilicata,359
6100,2021-10-17,Abruzzo,172
6108,2021-10-17,Lombardia,3246
6256,2021-10-24,Piemonte,1235
6263,2021-10-24,Veneto,1105
6262,2021-10-24,Valle d'Aosta / Vall├®e d'Aoste,0
6261,2021-10-24,Umbria,139
6260,2021-10-24,Toscana,968
6259,2021-10-24,Sicilia,1425
6258,2021-10-24,Sardegna,91
6257,2021-10-24,Puglia,112
6255,2021-10-24,Marche,212
6254,2021-10-24,Lombardia,1208
6253,2021-10-24,Liguria,67
6252,2021-10-24,Lazio,1878
6251,2021-10-24,Friuli Venezia Giulia,1056
6250,2021-10-24,Emilia-Romagna,1132
6249,2021-10-24,Campania,1339
6248,2021-10-24,Calabria,233
6247,2021-10-24,Basilicata,137
6246,2021-10-24,Abruzzo,76
6402,2021-10-31,Piemonte,907
6403,2021-10-31,Puglia,1
6404,2021-10-31,Sardegna,60
6401,2021-10-31,P.A. Trento,1
6406,2021-10-31,Toscana,640
6407,2021-10-31,Umbria,87
6408,2021-10-31,Valle d'Aosta / Vall├®e d'Aoste,0
6405,2021-10-31,Sicilia,1352
6400,2021-10-31,P.A. Bolzano,0
6409,2021-10-31,Veneto,850
6398,2021-10-31,Lombardia,648
6390,2021-10-31,Abruzzo,44
6391,2021-10-31,Basilicata,103
6392,2021-10-31,Calabria,177
6393,2021-10-31,Campania,1022
6399,2021-10-31,Marche,109
6395,2021-10-31,Friuli Venezia Giulia,258
6396,2021-10-31,Lazio,1452
6397,2021-10-31,Liguria,54
6394,2021-10-31,Emilia-Romagna,807
6554,2021-11-07,Veneto,614
6553,2021-11-07,Valle d'Aosta / Vall├®e d'Aoste,0
6552,2021-11-07,Umbria,33
6551,2021-11-07,Toscana,654
6550,2021-11-07,Sicilia,1201
6549,2021-11-07,Sardegna,48
6548,2021-11-07,Puglia,27
6546,2021-11-07,P.A. Bolzano,0
6545,2021-11-07,Molise,1
6547,2021-11-07,Piemonte,927
6543,2021-11-07,Lombardia,681
6544,2021-11-07,Marche,103
6536,2021-11-07,Basilicata,58
6537,2021-11-07,Calabria,172
6538,2021-11-07,Campania,1024
6535,2021-11-07,Abruzzo,55
6540,2021-11-07,Friuli Venezia Giulia,16
6541,2021-11-07,Lazio,1514
6542,2021-11-07,Liguria,32
6539,2021-11-07,Emilia-Romagna,752
6692,2021-11-14,P.A. Trento,0
6700,2021-11-14,Veneto,724
6699,2021-11-14,Valle d'Aosta / Vall├®e d'Aoste,12
6698,2021-11-14,Umbria,61
6697,2021-11-14,Toscana,340
6696,2021-11-14,Sicilia,1263
6695,2021-11-14,Sardegna,50
6694,2021-11-14,Puglia,0
6693,2021-11-14,Piemonte,794
6691,2021-11-14,P.A. Bolzano,0
6690,2021-11-14,Marche,168
6689,2021-11-14,Lombardia,750
6688,2021-11-14,Liguria,27
6687,2021-11-14,Lazio,1649
6686,2021-11-14,Friuli Venezia Giulia,5
6685,2021-11-14,Emilia-Romagna,567
6684,2021-11-14,Campania,1033
6683,2021-11-14,Calabria,299
6682,2021-11-14,Basilicata,32
6681,2021-11-14,Abruzzo,79
6839,2021-11-21,Piemonte,966
6840,2021-11-21,Puglia,6
6841,2021-11-21,Sardegna,66
6842,2021-11-21,Sicilia,1238
6844,2021-11-21,Umbria,32
6845,2021-11-21,Valle d'Aosta / Vall├®e d'Aoste,0
6846,2021-11-21,Veneto,812
6838,2021-11-21,P.A. Trento,120
6843,2021-11-21,Toscana,564
6837,2021-11-21,P.A. Bolzano,164
6836,2021-11-21,Marche,198
6835,2021-11-21,Lombardia,782
6828,2021-11-21,Basilicata,21
6829,2021-11-21,Calabria,226
6830,2021-11-21,Campania,1110
6827,2021-11-21,Abruzzo,67
6832,2021-11-21,Friuli Venezia Giulia,148
6833,2021-11-21,Lazio,1978
6834,2021-11-21,Liguria,125
6831,2021-11-21,Emilia-Romagna,390
6985,2021-11-28,P.A. Trento,61
6986,2021-11-28,Piemonte,2289
6987,2021-11-28,Puglia,236
6988,2021-11-28,Sardegna,68
6993,2021-11-28,Veneto,1587
6990,2021-11-28,Toscana,1189
6991,2021-11-28,Umbria,92
6992,2021-11-28,Valle d'Aosta / Vall├®e d'Aoste,0
6989,2021-11-28,Sicilia,1692
6983,2021-11-28,Molise,4
6984,2021-11-28,P.A. Bolzano,203
6981,2021-11-28,Lombardia,1063
6973,2021-11-28,Abruzzo,154
6974,2021-11-28,Basilicata,21
6975,2021-11-28,Calabria,269
6976,2021-11-28,Campania,1523
6982,2021-11-28,Marche,276
6978,2021-11-28,Friuli Venezia Giulia,238
6979,2021-11-28,Lazio,3560
6980,2021-11-28,Liguria,179
6977,2021-11-28,Emilia-Romagna,715
7132,2021-12-05,P.A. Trento,399
7140,2021-12-05,Veneto,2558
7139,2021-12-05,Valle d'Aosta / Vall├®e d'Aoste,9
7138,2021-12-05,Umbria,539
7137,2021-12-05,Toscana,1536
7136,2021-12-05,Sicilia,2351
7135,2021-12-05,Sardegna,298
7134,2021-12-05,Puglia,571
7133,2021-12-05,Piemonte,2526
7131,2021-12-05,P.A. Bolzano,646
7129,2021-12-05,Marche,665
7120,2021-12-05,Abruzzo,285
7128,2021-12-05,Lombardia,2441
7127,2021-12-05,Liguria,511
7126,2021-12-05,Lazio,2917
7125,2021-12-05,Friuli Venezia Giulia,704
7124,2021-12-05,Emilia-Romagna,1282
7123,2021-12-05,Campania,2183
7122,2021-12-05,Calabria,940
7121,2021-12-05,Basilicata,2
7130,2021-12-05,Molise,0
7278,2021-12-12,P.A. Bolzano,1791
7286,2021-12-12,Valle d'Aosta / Vall├®e d'Aoste,94
7285,2021-12-12,Umbria,238
7284,2021-12-12,Toscana,1003
7283,2021-12-12,Sicilia,2100
7282,2021-12-12,Sardegna,347
7281,2021-12-12,Puglia,679
7280,2021-12-12,Piemonte,1482
7279,2021-12-12,P.A. Trento,38
7277,2021-12-12,Molise,9
7287,2021-12-12,Veneto,1957
7275,2021-12-12,Lombardia,2399
7267,2021-12-12,Abruzzo,226
7268,2021-12-12,Basilicata,90
7269,2021-12-12,Calabria,1143
7270,2021-12-12,Campania,1579
7276,2021-12-12,Marche,305
7272,2021-12-12,Friuli Venezia Giulia,1058
7273,2021-12-12,Lazio,3198
7274,2021-12-12,Liguria,248
7271,2021-12-12,Emilia-Romagna,1432
7425,2021-12-19,P.A. Bolzano,490
7433,2021-12-19,Valle d'Aosta / Vall├®e d'Aoste,86
7432,2021-12-19,Umbria,315
7431,2021-12-19,Toscana,1254
7430,2021-12-19,Sicilia,2213
7429,2021-12-19,Sardegna,869
7428,2021-12-19,Puglia,1525
7427,2021-12-19,Piemonte,2217
7426,2021-12-19,P.A. Trento,26
7434,2021-12-19,Veneto,2836
7424,2021-12-19,Molise,324
7422,2021-12-19,Lombardia,11016
7421,2021-12-19,Liguria,245
7420,2021-12-19,Lazio,5628
7419,2021-12-19,Friuli Venezia Giulia,952
7418,2021-12-19,Emilia-Romagna,2542
7417,2021-12-19,Campania,2385
7416,2021-12-19,Calabria,1443
7415,2021-12-19,Basilicata,1015
7414,2021-12-19,Abruzzo,196
7423,2021-12-19,Marche,321
7571,2021-12-26,Piemonte,924
7572,2021-12-26,Puglia,73
7573,2021-12-26,Sardegna,557
7574,2021-12-26,Sicilia,1316
7578,2021-12-26,Veneto,3420
7576,2021-12-26,Umbria,29
7577,2021-12-26,Valle d'Aosta / Vall├®e d'Aoste,0
7570,2021-12-26,P.A. Trento,7
7575,2021-12-26,Toscana,588
7569,2021-12-26,P.A. Bolzano,0
7559,2021-12-26,Basilicata,0
7567,2021-12-26,Marche,45
7568,2021-12-26,Molise,0
7560,2021-12-26,Calabria,670
7561,2021-12-26,Campania,400
7562,2021-12-26,Emilia-Romagna,491
7558,2021-12-26,Abruzzo,19
7564,2021-12-26,Lazio,3759
7565,2021-12-26,Liguria,8
7566,2021-12-26,Lombardia,4699
7563,2021-12-26,Friuli Venezia Giulia,6
7717,2022-01-02,Piemonte,2193
7718,2022-01-02,Puglia,2065
7719,2022-01-02,Sardegna,1263
7720,2022-01-02,Sicilia,3364
7724,2022-01-02,Veneto,5873
7722,2022-01-02,Umbria,295
7723,2022-01-02,Valle d'Aosta / Vall├®e d'Aoste,115
7716,2022-01-02,P.A. Trento,146
7721,2022-01-02,Toscana,1953
7715,2022-01-02,P.A. Bolzano,14
7704,2022-01-02,Abruzzo,371
7713,2022-01-02,Marche,126
7712,2022-01-02,Lombardia,9296
7711,2022-01-02,Liguria,374
7710,2022-01-02,Lazio,6543
7709,2022-01-02,Friuli Venezia Giulia,1049
7708,2022-01-02,Emilia-Romagna,2027
7707,2022-01-02,Campania,1732
7706,2022-01-02,Calabria,2948
7705,2022-01-02,Basilicata,1642
7714,2022-01-02,Molise,496
7863,2022-01-09,P.A. Trento,97
7864,2022-01-09,Piemonte,3279
7865,2022-01-09,Puglia,2937
7866,2022-01-09,Sardegna,2289
7871,2022-01-09,Veneto,8903
7869,2022-01-09,Umbria,347
7870,2022-01-09,Valle d'Aosta / Vall├®e d'Aoste,51
7862,2022-01-09,P.A. Bolzano,921
7867,2022-01-09,Sicilia,6705
7861,2022-01-09,Molise,478
7868,2022-01-09,Toscana,3239
7859,2022-01-09,Lombardia,11335
7858,2022-01-09,Liguria,598
7857,2022-01-09,Lazio,6998
7856,2022-01-09,Friuli Venezia Giulia,514
7855,2022-01-09,Emilia-Romagna,2957
7854,2022-01-09,Campania,6119
7853,2022-01-09,Calabria,4206
7852,2022-01-09,Basilicata,1532
7851,2022-01-09,Abruzzo,293
7860,2022-01-09,Marche,377
8010,2022-01-16,P.A. Trento,490
8011,2022-01-16,Piemonte,4340
8012,2022-01-16,Puglia,3270
8013,2022-01-16,Sardegna,2569
8009,2022-01-16,P.A. Bolzano,595
8015,2022-01-16,Toscana,3419
8016,2022-01-16,Umbria,459
8017,2022-01-16,Valle d'Aosta / Vall├®e d'Aoste,58
8014,2022-01-16,Sicilia,6361
8008,2022-01-16,Molise,445
8018,2022-01-16,Veneto,4394
8006,2022-01-16,Lombardia,13379
7998,2022-01-16,Abruzzo,970
7999,2022-01-16,Basilicata,1461
8000,2022-01-16,Calabria,2402
8001,2022-01-16,Campania,4736
8007,2022-01-16,Marche,843
8003,2022-01-16,Friuli Venezia Giulia,1905
8004,2022-01-16,Lazio,7235
8005,2022-01-16,Liguria,232
8002,2022-01-16,Emilia-Romagna,6354
8157,2022-01-23,P.A. Trento,81
8165,2022-01-23,Veneto,2378
8164,2022-01-23,Valle d'Aosta / Vall├®e d'Aoste,73
8163,2022-01-23,Umbria,366
8162,2022-01-23,Toscana,2931
8161,2022-01-23,Sicilia,3441
8160,2022-01-23,Sardegna,1422
8159,2022-01-23,Puglia,514
8158,2022-01-23,Piemonte,3817
8156,2022-01-23,P.A. Bolzano,294
8155,2022-01-23,Molise,577
8154,2022-01-23,Marche,295
8146,2022-01-23,Basilicata,851
8147,2022-01-23,Calabria,1591
8148,2022-01-23,Campania,4178
8149,2022-01-23,Emilia-Romagna,3071
8145,2022-01-23,Abruzzo,209
8151,2022-01-23,Lazio,4861
8152,2022-01-23,Liguria,410
8153,2022-01-23,Lombardia,8316
8150,2022-01-23,Friuli Venezia Giulia,1070
8312,2022-01-30,Veneto,1851
8311,2022-01-30,Valle d'Aosta / Vall├®e d'Aoste,91
8310,2022-01-30,Umbria,325
8309,2022-01-30,Toscana,2503
8308,2022-01-30,Sicilia,2345
8307,2022-01-30,Sardegna,1006
8306,2022-01-30,Puglia,405
8305,2022-01-30,Piemonte,4268
8304,2022-01-30,P.A. Trento,283
8303,2022-01-30,P.A. Bolzano,497
8302,2022-01-30,Molise,405
8300,2022-01-30,Lombardia,7942
8292,2022-01-30,Abruzzo,505
8293,2022-01-30,Basilicata,1173
8294,2022-01-30,Calabria,718
8295,2022-01-30,Campania,2252
8301,2022-01-30,Marche,189
8297,2022-01-30,Friuli Venezia Giulia,1195
8298,2022-01-30,Lazio,4605
8299,2022-01-30,Liguria,297
8296,2022-01-30,Emilia-Romagna,3639
8450,2022-02-06,P.A. Bolzano,35
8458,2022-02-06,Valle d'Aosta / Vall├®e d'Aoste,26
8457,2022-02-06,Umbria,387
8456,2022-02-06,Toscana,1760
8455,2022-02-06,Sicilia,1581
8454,2022-02-06,Sardegna,1362
8453,2022-02-06,Puglia,224
8452,2022-02-06,Piemonte,2602
8451,2022-02-06,P.A. Trento,92
8459,2022-02-06,Veneto,1394
8449,2022-02-06,Molise,131
8447,2022-02-06,Lombardia,3680
8446,2022-02-06,Liguria,167
8445,2022-02-06,Lazio,2673
8444,2022-02-06,Friuli Venezia Giulia,365
8443,2022-02-06,Emilia-Romagna,1082
8442,2022-02-06,Campania,1757
8441,2022-02-06,Calabria,510
8440,2022-02-06,Basilicata,622
8439,2022-02-06,Abruzzo,111
8448,2022-02-06,Marche,97
8599,2022-02-13,Piemonte,1374
8600,2022-02-13,Puglia,91
8601,2022-02-13,Sardegna,729
8602,2022-02-13,Sicilia,934
8598,2022-02-13,P.A. Trento,20
8604,2022-02-13,Umbria,108
8605,2022-02-13,Valle d'Aosta / Vall├®e d'Aoste,45
8606,2022-02-13,Veneto,665
8603,2022-02-13,Toscana,562
8597,2022-02-13,P.A. Bolzano,14
8596,2022-02-13,Molise,76
8595,2022-02-13,Marche,19
8587,2022-02-13,Basilicata,387
8588,2022-02-13,Calabria,290
8589,2022-02-13,Campania,643
8590,2022-02-13,Emilia-Romagna,585
8586,2022-02-13,Abruzzo,92
8592,2022-02-13,Lazio,1602
8593,2022-02-13,Liguria,37
8594,2022-02-13,Lombardia,1711
8591,2022-02-13,Friuli Venezia Giulia,113
8744,2022-02-20,P.A. Bolzano,16
8752,2022-02-20,Valle d'Aosta / Vall├®e d'Aoste,7
8751,2022-02-20,Umbria,12
8750,2022-02-20,Toscana,317
8749,2022-02-20,Sicilia,435
8748,2022-02-20,Sardegna,236
8747,2022-02-20,Puglia,32
8746,2022-02-20,Piemonte,502
8745,2022-02-20,P.A. Trento,18
8753,2022-02-20,Veneto,396
8743,2022-02-20,Molise,22
8741,2022-02-20,Lombardia,752
8742,2022-02-20,Marche,53
8733,2022-02-20,Abruzzo,13
8734,2022-02-20,Basilicata,231
8736,2022-02-20,Campania,324
8735,2022-02-20,Calabria,129
8738,2022-02-20,Friuli Venezia Giulia,79
8739,2022-02-20,Lazio,371
8740,2022-02-20,Liguria,23
8737,2022-02-20,Emilia-Romagna,333
8891,2022-02-27,P.A. Bolzano,10
8899,2022-02-27,Veneto,252
8898,2022-02-27,Valle d'Aosta / Vall├®e d'Aoste,1
8897,2022-02-27,Umbria,15
8896,2022-02-27,Toscana,318
8895,2022-02-27,Sicilia,273
8894,2022-02-27,Sardegna,157
8893,2022-02-27,Puglia,17
8892,2022-02-27,Piemonte,184
8890,2022-02-27,Molise,0
8889,2022-02-27,Marche,14
8888,2022-02-27,Lombardia,441
8887,2022-02-27,Liguria,18
8886,2022-02-27,Lazio,255
8885,2022-02-27,Friuli Venezia Giulia,26
8884,2022-02-27,Emilia-Romagna,134
8883,2022-02-27,Campania,228
8882,2022-02-27,Calabria,68
8881,2022-02-27,Basilicata,67
8880,2022-02-27,Abruzzo,22
9036,2022-03-06,P.A. Bolzano,8
9044,2022-03-06,Valle d'Aosta / Vall├®e d'Aoste,4
9043,2022-03-06,Umbria,6
9042,2022-03-06,Toscana,86
9041,2022-03-06,Sicilia,231
9040,2022-03-06,Sardegna,48
9039,2022-03-06,Puglia,13
9038,2022-03-06,Piemonte,250
9037,2022-03-06,P.A. Trento,0
9045,2022-03-06,Veneto,170
9035,2022-03-06,Molise,1
9033,2022-03-06,Lombardia,234
9032,2022-03-06,Liguria,14
9031,2022-03-06,Lazio,274
9030,2022-03-06,Friuli Venezia Giulia,27
9029,2022-03-06,Emilia-Romagna,120
9028,2022-03-06,Campania,131
9027,2022-03-06,Calabria,52
9026,2022-03-06,Basilicata,28
9025,2022-03-06,Abruzzo,2
9034,2022-03-06,Marche,7
9190,2022-03-13,Veneto,90
9189,2022-03-13,Valle d'Aosta / Vall├®e d'Aoste,0
9188,2022-03-13,Umbria,0
9187,2022-03-13,Toscana,29
9186,2022-03-13,Sicilia,160
9185,2022-03-13,Sardegna,21
9184,2022-03-13,Puglia,20
9183,2022-03-13,Piemonte,118
9182,2022-03-13,P.A. Bolzano,5
9181,2022-03-13,Molise,0
9180,2022-03-13,Marche,0
9178,2022-03-13,Liguria,53
9171,2022-03-13,Abruzzo,8
9172,2022-03-13,Basilicata,19
9173,2022-03-13,Calabria,31
9179,2022-03-13,Lombardia,316
9175,2022-03-13,Emilia-Romagna,59
9176,2022-03-13,Friuli Venezia Giulia,24
9177,2022-03-13,Lazio,253
9174,2022-03-13,Campania,179
9326,2022-03-20,Molise,0
9333,2022-03-20,Veneto,60
9332,2022-03-20,Valle d'Aosta / Vall├®e d'Aoste,5
9331,2022-03-20,Toscana,16
9330,2022-03-20,Sicilia,111
9329,2022-03-20,Sardegna,4
9328,2022-03-20,Puglia,4
9327,2022-03-20,Piemonte,120
9325,2022-03-20,Marche,4
9324,2022-03-20,Lombardia,200
9323,2022-03-20,Liguria,9
9322,2022-03-20,Lazio,135
9321,2022-03-20,Friuli Venezia Giulia,18
9320,2022-03-20,Emilia-Romagna,47
9319,2022-03-20,Campania,121
9318,2022-03-20,Calabria,21
9317,2022-03-20,Basilicata,16
9316,2022-03-20,Abruzzo,3
9475,2022-03-27,Veneto,70
9474,2022-03-27,Valle d'Aosta / Vall├®e d'Aoste,1
9473,2022-03-27,Umbria,0
9472,2022-03-27,Toscana,22
9471,2022-03-27,Sicilia,89
9470,2022-03-27,Sardegna,27
9469,2022-03-27,Puglia,7
9468,2022-03-27,Piemonte,119
9467,2022-03-27,Marche,0
9465,2022-03-27,Liguria,8
9464,2022-03-27,Lazio,98
9463,2022-03-27,Friuli Venezia Giulia,4
9462,2022-03-27,Emilia-Romagna,47
9461,2022-03-27,Campania,81
9460,2022-03-27,Calabria,6
9459,2022-03-27,Basilicata,2
9458,2022-03-27,Abruzzo,4
9466,2022-03-27,Lombardia,212
9617,2022-04-03,Veneto,43
9616,2022-04-03,Toscana,0
9615,2022-04-03,Sicilia,54
9614,2022-04-03,Sardegna,9
9613,2022-04-03,Puglia,0
9611,2022-04-03,Marche,4
9610,2022-04-03,Lombardia,144
9612,2022-04-03,Piemonte,58
9608,2022-04-03,Lazio,40
9607,2022-04-03,Friuli Venezia Giulia,19
9606,2022-04-03,Emilia-Romagna,1
9605,2022-04-03,Campania,23
9604,2022-04-03,Calabria,14
9603,2022-04-03,Basilicata,1
9602,2022-04-03,Abruzzo,0
9609,2022-04-03,Liguria,4
9751,2022-04-10,Marche,0
9758,2022-04-10,Veneto,41
9757,2022-04-10,Valle d'Aosta / Vall├®e d'Aoste,2
9756,2022-04-10,Toscana,0
9755,2022-04-10,Sicilia,41
9754,2022-04-10,Sardegna,9
9753,2022-04-10,Puglia,2
9752,2022-04-10,Piemonte,52
9750,2022-04-10,Lombardia,148
9748,2022-04-10,Lazio,43
9747,2022-04-10,Friuli Venezia Giulia,3
9746,2022-04-10,Emilia-Romagna,9
9745,2022-04-10,Campania,6
9744,2022-04-10,Calabria,5
9743,2022-04-10,Basilicata,0
9742,2022-04-10,Abruzzo,0
9749,2022-04-10,Liguria,48
9889,2022-04-17,Marche,0
9893,2022-04-17,Veneto,0
9892,2022-04-17,Sicilia,6
9891,2022-04-17,Puglia,0
9890,2022-04-17,Piemonte,4
9888,2022-04-17,Lombardia,4
9884,2022-04-17,Campania,1
9886,2022-04-17,Lazio,24
9885,2022-04-17,Emilia-Romagna,0
9887,2022-04-17,Liguria,0
9883,2022-04-17,Calabria,0
9882,2022-04-17,Abruzzo,0
10022,2022-04-24,Veneto,12
10021,2022-04-24,Toscana,2
10020,2022-04-24,Sicilia,11
10019,2022-04-24,Sardegna,9
10018,2022-04-24,Puglia,0
10017,2022-04-24,Piemonte,57
10014,2022-04-24,Lazio,30
10015,2022-04-24,Lombardia,93
10013,2022-04-24,Emilia-Romagna,1
10012,2022-04-24,Campania,9
10011,2022-04-24,Calabria,0
10010,2022-04-24,Abruzzo,0
10016,2022-04-24,Marche,1
10154,2022-05-01,Veneto,1
10153,2022-05-01,Valle d'Aosta / Vall├®e d'Aoste,0
10152,2022-05-01,Sicilia,2
10151,2022-05-01,Puglia,0
10150,2022-05-01,Piemonte,7
10149,2022-05-01,Marche,0
10147,2022-05-01,Lazio,27
10146,2022-05-01,Emilia-Romagna,0
10145,2022-05-01,Campania,4
10144,2022-05-01,Calabria,2
10143,2022-05-01,Basilicata,0
10148,2022-05-01,Lombardia,24
10294,2022-05-08,Veneto,9
10293,2022-05-08,Umbria,0
10292,2022-05-08,Toscana,0
10291,2022-05-08,Sicilia,9
10290,2022-05-08,Sardegna,5
10289,2022-05-08,Puglia,0
10288,2022-05-08,Piemonte,50
10287,2022-05-08,Molise,0
10285,2022-05-08,Lombardia,125
10284,2022-05-08,Liguria,10
10283,2022-05-08,Lazio,25
10282,2022-05-08,Emilia-Romagna,3
10281,2022-05-08,Campania,17
10280,2022-05-08,Calabria,1
10279,2022-05-08,Abruzzo,1
10286,2022-05-08,Marche,1
10430,2022-05-15,Puglia,2
10431,2022-05-15,Sardegna,5
10432,2022-05-15,Sicilia,8
10429,2022-05-15,Piemonte,42
10434,2022-05-15,Valle d'Aosta / Vall├®e d'Aoste,4
10435,2022-05-15,Veneto,11
10433,2022-05-15,Toscana,0
10428,2022-05-15,Marche,0
10427,2022-05-15,Lombardia,136
10426,2022-05-15,Liguria,0
10425,2022-05-15,Lazio,15
10424,2022-05-15,Friuli Venezia Giulia,0
10423,2022-05-15,Emilia-Romagna,1
10422,2022-05-15,Campania,6
10421,2022-05-15,Calabria,1
10420,2022-05-15,Abruzzo,0
10571,2022-05-22,Veneto,7
10570,2022-05-22,Toscana,0
10569,2022-05-22,Sicilia,5
10567,2022-05-22,Puglia,0
10566,2022-05-22,Piemonte,55
10565,2022-05-22,Marche,1
10568,2022-05-22,Sardegna,5
10563,2022-05-22,Liguria,0
10562,2022-05-22,Lazio,17
10561,2022-05-22,Emilia-Romagna,4
10560,2022-05-22,Campania,4
10559,2022-05-22,Calabria,0
10564,2022-05-22,Lombardia,79
10708,2022-05-29,Veneto,14
10707,2022-05-29,Umbria,0
10706,2022-05-29,Toscana,0
10705,2022-05-29,Sicilia,1
10704,2022-05-29,Sardegna,2
10703,2022-05-29,Puglia,0
10702,2022-05-29,Piemonte,34
10701,2022-05-29,Marche,6
10699,2022-05-29,Liguria,47
10698,2022-05-29,Lazio,10
10697,2022-05-29,Emilia-Romagna,0
10696,2022-05-29,Campania,3
10695,2022-05-29,Calabria,0
10694,2022-05-29,Basilicata,0
10700,2022-05-29,Lombardia,80
10841,2022-06-05,Veneto,0
10837,2022-06-05,Puglia,0
10840,2022-06-05,Valle d'Aosta / Vall├®e d'Aoste,1
10839,2022-06-05,Sicilia,8
10835,2022-06-05,Marche,11
10838,2022-06-05,Sardegna,4
10833,2022-06-05,Liguria,13
10834,2022-06-05,Lombardia,2
10829,2022-06-05,Calabria,1
10830,2022-06-05,Campania,6
10836,2022-06-05,Piemonte,1
10832,2022-06-05,Lazio,9
10831,2022-06-05,Emilia-Romagna,1
10977,2022-06-12,Veneto,0
10976,2022-06-12,Valle d'Aosta / Vall├®e d'Aoste,2
10975,2022-06-12,Sicilia,5
10974,2022-06-12,Sardegna,1
10973,2022-06-12,Puglia,0
10972,2022-06-12,Piemonte,48
10971,2022-06-12,Molise,0
10970,2022-06-12,Marche,7
10969,2022-06-12,Lombardia,0
10968,2022-06-12,Liguria,15
10967,2022-06-12,Lazio,6
10966,2022-06-12,Friuli Venezia Giulia,8
10965,2022-06-12,Emilia-Romagna,0
10964,2022-06-12,Campania,2
10963,2022-06-12,Calabria,1
11112,2022-06-19,Veneto,0
11111,2022-06-19,Toscana,0
11110,2022-06-19,Sicilia,5
11109,2022-06-19,Sardegna,2
11108,2022-06-19,Puglia,0
11107,2022-06-19,Piemonte,1
11106,2022-06-19,P.A. Trento,0
11104,2022-06-19,Lazio,6
11103,2022-06-19,Emilia-Romagna,0
11102,2022-06-19,Campania,5
11101,2022-06-19,Calabria,1
11100,2022-06-19,Basilicata,0
11105,2022-06-19,Lombardia,17
11243,2022-06-26,Puglia,0
11247,2022-06-26,Veneto,0
11246,2022-06-26,Toscana,0
11245,2022-06-26,Sicilia,5
11244,2022-06-26,Sardegna,1
11241,2022-06-26,Marche,0
11242,2022-06-26,Piemonte,16
11239,2022-06-26,Liguria,0
11238,2022-06-26,Lazio,12
11237,2022-06-26,Emilia-Romagna,0
11236,2022-06-26,Campania,1
11235,2022-06-26,Abruzzo,0
11240,2022-06-26,Lombardia,23
11382,2022-07-03,Umbria,0
11381,2022-07-03,Toscana,0
11380,2022-07-03,Sicilia,6
11379,2022-07-03,Sardegna,7
11378,2022-07-03,Puglia,0
11377,2022-07-03,Piemonte,2
11375,2022-07-03,Lombardia,0
11374,2022-07-03,Lazio,22
11373,2022-07-03,Friuli Venezia Giulia,16
11372,2022-07-03,Emilia-Romagna,0
11371,2022-07-03,Campania,0
11376,2022-07-03,Marche,0
11517,2022-07-10,Veneto,0
11516,2022-07-10,Valle d'Aosta / Vall├®e d'Aoste,2
11515,2022-07-10,Toscana,0
11514,2022-07-10,Sicilia,7
11513,2022-07-10,Sardegna,3
11512,2022-07-10,Puglia,1
11511,2022-07-10,Piemonte,7
11510,2022-07-10,Marche,0
11508,2022-07-10,Lazio,13
11507,2022-07-10,Emilia-Romagna,3
11506,2022-07-10,Campania,0
11505,2022-07-10,Calabria,0
11504,2022-07-10,Basilicata,0
11503,2022-07-10,Abruzzo,0
11509,2022-07-10,Lombardia,29
11650,2022-07-17,Veneto,3
11649,2022-07-17,Umbria,0
11648,2022-07-17,Toscana,0
11647,2022-07-17,Sicilia,10
11646,2022-07-17,Sardegna,1
11645,2022-07-17,Puglia,0
11643,2022-07-17,Marche,0
11642,2022-07-17,Lombardia,16
11641,2022-07-17,Lazio,21
11640,2022-07-17,Emilia-Romagna,0
11639,2022-07-17,Campania,2
11644,2022-07-17,Piemonte,4
11788,2022-07-24,Veneto,7
11787,2022-07-24,Toscana,3
11786,2022-07-24,Sicilia,5
11785,2022-07-24,Sardegna,0
11784,2022-07-24,Puglia,1
11783,2022-07-24,Piemonte,6
11782,2022-07-24,Marche,0
11781,2022-07-24,Lombardia,1
11780,2022-07-24,Liguria,0
11779,2022-07-24,Lazio,8
11778,2022-07-24,Friuli Venezia Giulia,4
11777,2022-07-24,Emilia-Romagna,1
11776,2022-07-24,Campania,0
11775,2022-07-24,Calabria,0
11774,2022-07-24,Abruzzo,0
11922,2022-07-31,Puglia,0
11927,2022-07-31,Valle d'Aosta / Vall├®e d'Aoste,0
11926,2022-07-31,Umbria,0
11925,2022-07-31,Toscana,4
11924,2022-07-31,Sicilia,3
11923,2022-07-31,Sardegna,2
11928,2022-07-31,Veneto,2
11921,2022-07-31,Piemonte,6
11919,2022-07-31,Lombardia,23
11918,2022-07-31,Lazio,7
11917,2022-07-31,Emilia-Romagna,1
11916,2022-07-31,Campania,1
11915,2022-07-31,Abruzzo,0
11920,2022-07-31,Marche,0
12066,2022-08-07,Veneto,4
12061,2022-08-07,Puglia,1
12065,2022-08-07,Valle d'Aosta / Vall├®e d'Aoste,1
12064,2022-08-07,Toscana,0
12063,2022-08-07,Sicilia,3
12062,2022-08-07,Sardegna,0
12060,2022-08-07,Piemonte,2
12058,2022-08-07,Lombardia,10
12057,2022-08-07,Lazio,2
12056,2022-08-07,Emilia-Romagna,3
12055,2022-08-07,Campania,0
12054,2022-08-07,Calabria,2
12053,2022-08-07,Abruzzo,0
12059,2022-08-07,Marche,0
12198,2022-08-14,Marche,0
12202,2022-08-14,Valle d'Aosta / Vall├®e d'Aoste,1
12201,2022-08-14,Sicilia,3
12203,2022-08-14,Veneto,0
12200,2022-08-14,Puglia,0
12199,2022-08-14,Piemonte,0
12197,2022-08-14,Lombardia,0
12192,2022-08-14,Calabria,0
12195,2022-08-14,Lazio,1
12194,2022-08-14,Emilia-Romagna,0
12193,2022-08-14,Campania,0
12191,2022-08-14,Basilicata,0
12190,2022-08-14,Abruzzo,0
12196,2022-08-14,Liguria,0
12326,2022-08-21,Veneto,1
12325,2022-08-21,Valle d'Aosta / Vall├®e d'Aoste,0
12324,2022-08-21,Sicilia,3
12323,2022-08-21,Puglia,0
12322,2022-08-21,Piemonte,5
12321,2022-08-21,Lombardia,13
12319,2022-08-21,Lazio,3
12318,2022-08-21,Emilia-Romagna,0
12317,2022-08-21,Campania,2
12316,2022-08-21,Calabria,1
12320,2022-08-21,Liguria,0
12457,2022-08-28,Piemonte,4
12462,2022-08-28,Valle d'Aosta / Vall├®e d'Aoste,1
12461,2022-08-28,Umbria,0
12460,2022-08-28,Sicilia,1
12459,2022-08-28,Sardegna,0
12458,2022-08-28,Puglia,0
12456,2022-08-28,Marche,1
12454,2022-08-28,Liguria,1
12450,2022-08-28,Calabria,2
12451,2022-08-28,Campania,3
12455,2022-08-28,Lombardia,1
12453,2022-08-28,Lazio,8
12452,2022-08-28,Emilia-Romagna,1
12595,2022-09-04,Veneto,0
12594,2022-09-04,Sicilia,2
12593,2022-09-04,Sardegna,1
12592,2022-09-04,Puglia,0
12591,2022-09-04,Piemonte,2
12590,2022-09-04,Marche,3
12589,2022-09-04,Lombardia,13
12588,2022-09-04,Liguria,0
12587,2022-09-04,Lazio,9
12586,2022-09-04,Campania,0
12585,2022-09-04,Abruzzo,2
12725,2022-09-11,Sardegna,0
12727,2022-09-11,Veneto,0
12726,2022-09-11,Sicilia,2
12724,2022-09-11,Puglia,0
12723,2022-09-11,Piemonte,1
12722,2022-09-11,Lombardia,19
12721,2022-09-11,Liguria,0
12720,2022-09-11,Lazio,6
12719,2022-09-11,Campania,0
12856,2022-09-18,Valle d'Aosta / Vall├®e d'Aoste,2
12855,2022-09-18,Sicilia,1
12854,2022-09-18,Sardegna,0
12853,2022-09-18,Piemonte,3
12852,2022-09-18,Marche,1
12850,2022-09-18,Lazio,1
12849,2022-09-18,Emilia-Romagna,0
12848,2022-09-18,Campania,0
12851,2022-09-18,Lombardia,7
12992,2022-09-25,Toscana,0
12988,2022-09-25,Piemonte,3
12991,2022-09-25,Sicilia,0
12990,2022-09-25,Sardegna,0
12989,2022-09-25,Puglia,0
12987,2022-09-25,Marche,0
12985,2022-09-25,Liguria,0
12984,2022-09-25,Lazio,1
12983,2022-09-25,Emilia-Romagna,0
12982,2022-09-25,Campania,0
12981,2022-09-25,Abruzzo,0
12986,2022-09-25,Lombardia,4
13128,2022-10-02,Veneto,1
13127,2022-10-02,Valle d'Aosta / Vall├®e d'Aoste,0
13126,2022-10-02,Umbria,0
13125,2022-10-02,Sicilia,1
13124,2022-10-02,Sardegna,1
13123,2022-10-02,Puglia,0
13121,2022-10-02,Marche,0
13120,2022-10-02,Lombardia,2
13119,2022-10-02,Lazio,7
13118,2022-10-02,Emilia-Romagna,0
13117,2022-10-02,Campania,1
13122,2022-10-02,Piemonte,2
13261,2022-10-09,Puglia,0
13267,2022-10-09,Veneto,0
13266,2022-10-09,Valle d'Aosta / Vall├®e d'Aoste,0
13265,2022-10-09,Umbria,0
13264,2022-10-09,Toscana,0
13263,2022-10-09,Sicilia,0
13262,2022-10-09,Sardegna,0
13260,2022-10-09,Piemonte,1
13256,2022-10-09,Lazio,1
13258,2022-10-09,Lombardia,0
13257,2022-10-09,Liguria,0
13255,2022-10-09,Emilia-Romagna,0
13254,2022-10-09,Campania,0
13253,2022-10-09,Calabria,1
13252,2022-10-09,Abruzzo,0
13259,2022-10-09,Marche,1
13402,2022-10-16,Piemonte,1
13403,2022-10-16,Puglia,0
13404,2022-10-16,Sardegna,0
13401,2022-10-16,P.A. Trento,0
13406,2022-10-16,Toscana,1
13407,2022-10-16,Valle d'Aosta / Vall├®e d'Aoste,0
13405,2022-10-16,Sicilia,1
13408,2022-10-16,Veneto,0
13400,2022-10-16,Marche,0
13398,2022-10-16,Liguria,0
13397,2022-10-16,Lazio,5
13396,2022-10-16,Emilia-Romagna,0
13395,2022-10-16,Campania,0
13394,2022-10-16,Calabria,0
13393,2022-10-16,Abruzzo,0
13399,2022-10-16,Lombardia,0
13543,2022-10-23,Sardegna,0
13548,2022-10-23,Veneto,0
13547,2022-10-23,Valle d'Aosta / Vall├®e d'Aoste,0
13546,2022-10-23,Umbria,0
13545,2022-10-23,Toscana,0
13544,2022-10-23,Sicilia,0
13542,2022-10-23,Puglia,0
13541,2022-10-23,Piemonte,6
13540,2022-10-23,Marche,0
13539,2022-10-23,Lombardia,1
13538,2022-10-23,Liguria,0
13537,2022-10-23,Lazio,7
13536,2022-10-23,Emilia-Romagna,0
13535,2022-10-23,Campania,0
13534,2022-10-23,Basilicata,0
13684,2022-10-30,Piemonte,4
13690,2022-10-30,Valle d'Aosta / Vall├®e d'Aoste,0
13689,2022-10-30,Umbria,0
13688,2022-10-30,Toscana,1
13687,2022-10-30,Sicilia,3
13686,2022-10-30,Sardegna,0
13685,2022-10-30,Puglia,0
13691,2022-10-30,Veneto,1
13683,2022-10-30,P.A. Trento,0
13681,2022-10-30,Lombardia,0
13680,2022-10-30,Lazio,7
13679,2022-10-30,Friuli Venezia Giulia,0
13678,2022-10-30,Emilia-Romagna,1
13677,2022-10-30,Campania,0
13676,2022-10-30,Calabria,0
13675,2022-10-30,Abruzzo,0
13682,2022-10-30,Marche,0
13825,2022-11-06,Puglia,0
13831,2022-11-06,Veneto,2
13830,2022-11-06,Valle d'Aosta / Vall├®e d'Aoste,0
13829,2022-11-06,Umbria,0
13828,2022-11-06,Toscana,0
13827,2022-11-06,Sicilia,0
13826,2022-11-06,Sardegna,0
13824,2022-11-06,Piemonte,3
13823,2022-11-06,Marche,0
13822,2022-11-06,Lombardia,0
13821,2022-11-06,Liguria,0
13820,2022-11-06,Lazio,6
13819,2022-11-06,Emilia-Romagna,0
13818,2022-11-06,Campania,0
13817,2022-11-06,Calabria,0
13816,2022-11-06,Basilicata,0
13815,2022-11-06,Abruzzo,0
13966,2022-11-13,P.A. Trento,0
13973,2022-11-13,Veneto,0
13972,2022-11-13,Umbria,0
13971,2022-11-13,Toscana,0
13970,2022-11-13,Sicilia,1
13969,2022-11-13,Sardegna,0
13968,2022-11-13,Puglia,0
13967,2022-11-13,Piemonte,0
13965,2022-11-13,Marche,0
13963,2022-11-13,Lazio,5
13962,2022-11-13,Friuli Venezia Giulia,0
13961,2022-11-13,Emilia-Romagna,0
13960,2022-11-13,Campania,0
13959,2022-11-13,Calabria,0
13958,2022-11-13,Basilicata,0
13957,2022-11-13,Abruzzo,0
13964,2022-11-13,Lombardia,0
14110,2022-11-20,Piemonte,0
14117,2022-11-20,Veneto,0
14116,2022-11-20,Valle d'Aosta / Vall├®e d'Aoste,0
14115,2022-11-20,Umbria,0
14114,2022-11-20,Toscana,0
14113,2022-11-20,Sicilia,1
14112,2022-11-20,Sardegna,1
14111,2022-11-20,Puglia,0
14109,2022-11-20,P.A. Bolzano,0
14108,2022-11-20,Marche,0
14107,2022-11-20,Lombardia,1
14106,2022-11-20,Liguria,1
14105,2022-11-20,Lazio,3
14104,2022-11-20,Friuli Venezia Giulia,1
14103,2022-11-20,Emilia-Romagna,0
14102,2022-11-20,Campania,0
14101,2022-11-20,Calabria,0
14100,2022-11-20,Basilicata,0
14099,2022-11-20,Abruzzo,0
14258,2022-11-27,Veneto,0
14252,2022-11-27,Piemonte,1
14257,2022-11-27,Umbria,0
14256,2022-11-27,Toscana,0
14255,2022-11-27,Sicilia,0
14254,2022-11-27,Sardegna,1
14253,2022-11-27,Puglia,1
14251,2022-11-27,Marche,0
14247,2022-11-27,Friuli Venezia Giulia,0
14249,2022-11-27,Liguria,3
14248,2022-11-27,Lazio,15
14246,2022-11-27,Emilia-Romagna,0
14245,2022-11-27,Campania,0
14244,2022-11-27,Calabria,0
14250,2022-11-27,Lombardia,2
14243,2022-11-27,Abruzzo,0
14398,2022-12-04,Veneto,0
14392,2022-12-04,Puglia,0
14397,2022-12-04,Valle d'Aosta / Vall├®e d'Aoste,0
14396,2022-12-04,Umbria,0
14395,2022-12-04,Toscana,0
14394,2022-12-04,Sicilia,0
14393,2022-12-04,Sardegna,0
14391,2022-12-04,Piemonte,1
14389,2022-12-04,Lombardia,0
14388,2022-12-04,Lazio,2
14387,2022-12-04,Emilia-Romagna,0
14386,2022-12-04,Campania,0
14385,2022-12-04,Calabria,0
14384,2022-12-04,Abruzzo,0
14390,2022-12-04,Marche,0
14528,2022-12-11,Sardegna,0
14529,2022-12-11,Sicilia,2
14532,2022-12-11,Valle d'Aosta / Vall├®e d'Aoste,0
14531,2022-12-11,Umbria,0
14527,2022-12-11,Puglia,0
14530,2022-12-11,Toscana,0
14526,2022-12-11,Piemonte,4
14525,2022-12-11,Marche,0
14524,2022-12-11,Lombardia,0
14523,2022-12-11,Lazio,3
14522,2022-12-11,Emilia-Romagna,0
14521,2022-12-11,Campania,0
14520,2022-12-11,Calabria,0
14519,2022-12-11,Basilicata,0
14670,2022-12-18,Valle d'Aosta / Vall├®e d'Aoste,0
14669,2022-12-18,Umbria,1
14668,2022-12-18,Toscana,1
14667,2022-12-18,Sicilia,0
14665,2022-12-18,Puglia,0
14664,2022-12-18,Piemonte,5
14666,2022-12-18,Sardegna,0
14661,2022-12-18,Lazio,3
14660,2022-12-18,Emilia-Romagna,0
14659,2022-12-18,Campania,0
14658,2022-12-18,Calabria,0
14657,2022-12-18,Basilicata,0
14662,2022-12-18,Lombardia,3
14663,2022-12-18,Marche,1
14797,2022-12-25,Veneto,0
14795,2022-12-25,P.A. Trento,0
14796,2022-12-25,Sicilia,0
14793,2022-12-25,Emilia-Romagna,0
14792,2022-12-25,Campania,0
14794,2022-12-25,Lazio,0
